[
  {
    "id": "1",
    "title": "Senior Cloud Infrastructure Engineer",
    "department": "Cloud & Infrastructure",
    "locationType": "remote",
    "type": "Full-time",
    "description": "Design and implement scalable cloud infrastructure solutions for enterprise clients.1",
    "requirements": "5+ years cloud infrastructure experience\nAWS/Azure/GCP expertise\nTerraform/CloudFormation\nStrong networking knowledge",
    "visible": true,
    "postedDate": "2025-12-01",
    "applicants": 12,
    "createdBy": "system",
    "updatedBy": "admin@rhcsolutions.com",
    "createdAt": "2025-12-17T07:50:27.322Z",
    "updatedAt": "2025-12-25T07:56:08.246Z",
    "city": "",
    "country": ""
  },
  {
    "id": "1766657084544",
    "title": "Senior VoIP Engineer",
    "department": "VoIP",
    "locationType": "remote",
    "type": "Full-time",
    "description": "You will lead the design and maintenance of mission-critical, real-time voice systems. Your focus will be on ensuring unparalleled reliability, scalability, and security while enhancing voice quality and observability across our global cloud infrastructure.\n\n \n\nKey Responsibilities:\n\n \n\nArchitect & Optimize: Design, develop, and maintain high-performance SIP and RTP-based VoIP systems, serving as the subject matter expert on core VoIP protocols.\nDeep Troubleshooting: Utilize expert-level skills to diagnose and resolve complex routing, codec, and signaling issues using packet captures (Wireshark), logs, and SIP traces.\nProtocol & Network Tuning: Proactively optimize network performance across critical protocols (SIP, RTP, TCP/IP, DNS, NAT, and firewall rules).\nEcosystem Integration: Integrate, support, and ensure seamless interoperability between PBX systems, SBCs, and modern cloud VoIP environments.\nQuality Assurance: Define, monitor, and aggressively improve call quality metrics (MOS, jitter, latency) through proactive performance tuning.\nFeature Leadership: Lead the technical architecture and deployment of advanced voice applications, including real-time transcription, AMD/VMD (Answering Machine Detection), and next-generation AI-driven voice features.\nEscalation Point: Act as the final point of technical escalation for intricate VoIP incidents, effectively coordinating with internal teams and external vendors.\n ",
    "requirements": "⚙️ Technical Requirements:\n\n \n\nExperience: 6+ years in software engineering, with a minimum of 4 years dedicated to VoIP/SIP development.\nCore Platforms: Deep, hands-on experience with core VoIP infrastructure components, specifically Freeswitch and Kamailio.\nProgramming: Proficiency in scripting and development with Lua and Python. (Experience with Go or C/C++ is a significant plus).\nNetworking Expertise: Expert-level command of network protocols and advanced debugging tools (Wireshark, SIPp, libpcap, Linux/BSD sockets).\nCloud & WebRTC: Practical experience with WebRTC, configuring and managing TURN/STUN servers, and deploying solutions on major cloud platforms (AWS, Google Cloud, Cloudflare).\nHardware Familiarity: Understanding of traditional telecom hardware, including GSM, E1 gateways, and serial-connected devices.\nScalability: Proven track record in building highly scalable systems and implementing effective automated testing frameworks.\n \n\nDesired Skills (Nice-to-Have):\n\n \n\nHands-on knowledge of call flow simulation tools and SIP testing frameworks.\nExperience designing and implementing RESTful APIs and scalable microservices.\nFamiliarity with global network routing principles and optimization techniques.\nExperience with embedded systems or SIP hardware devices.\nBackground in implementing AI/ML-driven features within VoIP solutions.\nRequired domain experience\nTelecom / Communications\t5 years\nRequired languages\nEnglish\tB2 - Upper Intermediate\n",
    "visible": true,
    "postedDate": "2025-12-25",
    "applicants": 0,
    "city": "",
    "country": "",
    "createdBy": "admin@rhcsolutions.com",
    "updatedBy": "admin@rhcsolutions.com",
    "createdAt": "2025-12-25T10:04:44.544Z",
    "updatedAt": "2025-12-25T10:04:44.544Z"
  }
]